<?xml version="1.0" encoding="UTF-8"?>
<project-private xmlns="http://www.netbeans.org/ns/project-private/1">
    <editor-bookmarks xmlns="http://www.netbeans.org/ns/editor-bookmarks/2" lastBookmarkId="0"/>
    <open-files xmlns="http://www.netbeans.org/ns/projectui-open-files/2">
        <group>
            <file>file:/C:/Users/Alunos/Downloads/Supermercado/src/VIEW/APROVADO_GUI1.java</file>
            <file>file:/C:/Users/Alunos/Downloads/Supermercado/src/VIEW/caixa_GUI.java</file>
            <file>file:/C:/Users/Alunos/Downloads/Supermercado/src/Model/PDF_DAO.java</file>
            <file>file:/C:/Users/Alunos/Downloads/Supermercado/src/VIEW/SS2_GUI.java</file>
        </group>
    </open-files>
</project-private>
